{
	"pattrstorage" : 	{
		"name" : "thispatch",
		"slots" : 		{
			"1" : 			{
				"id" : 1,
				"name" : "one",
				"data" : 				{
					"my_num1" : [ 34 ],
					"my_num2" : [ 77 ],
					"mymulti1" : [ 0.0, 0.0, 0.410256, 0.333333, 0.153846, -0.076923, -0.294872, -0.512821, -0.730769, -0.948718, -0.974359, -1.0, -1.0, -1.0, -1.0, -1.0 ],
					"mymulti2" : [  ]
				}

			}
,
			"2" : 			{
				"id" : 2,
				"name" : "two",
				"data" : 				{
					"my_num1" : [ 64 ],
					"my_num2" : [ 114 ],
					"mymulti1" : [ 0.0, 0.410256, 0.153846, -0.153846, -0.410256, -0.871795, -1.0, -1.0, -1.0, -1.0, -0.717949, -0.307692, 1.0, 1.0, 1.0, 1.0 ],
					"mymulti2" : [  ]
				}

			}
,
			"3" : 			{
				"id" : 3,
				"name" : "three",
				"data" : 				{
					"my_num1" : [ 103 ],
					"my_num2" : [ 157 ],
					"mymulti1" : [ 0.179487, 0.230769, 0.358974, 0.487179, 0.589744, 0.717949, 0.74359, 0.74359, 0.564103, 0.435897, 0.102564, -0.153846, -0.410256, -0.487179, -0.512821, -0.538462 ],
					"mymulti2" : [  ]
				}

			}

		}

	}

}
